{
  "eval_loss": 0.016650669276714325,
  "eval_accuracy": 0.9965171963430561,
  "eval_f1": 0.9965174964571276,
  "eval_precision": 0.996518660783935,
  "eval_recall": 0.9965171963430561,
  "eval_runtime": 20.912,
  "eval_samples_per_second": 439.365,
  "eval_steps_per_second": 54.945,
  "epoch": 5.0
}