{
  "accuracy": 0.9965171963430561,
  "f1": 0.9965174964571276,
  "precision": 0.996518660783935,
  "recall": 0.9965171963430561,
  "auc": 0.9997129089968277
}