{
  "train_loss": [
    0.09420442846779588,
    0.009706403734255027,
    0.009897411278903551,
    0.009754990167924154,
    0.009123933986412588,
    0.009705234525244308,
    0.009273982540809385,
    0.00913005296383229,
    0.009047649015494758,
    0.009444018452572702,
    0.009200822755001914,
    0.009588814007255359,
    0.009506080553044841,
    0.009559634774849264,
    0.009523891422168073,
    0.008988621191049428,
    0.009586506680572484,
    0.009261886327468214,
    0.009354885962766745,
    0.008637798782164939
  ],
  "val_loss": [
    0.01888969309759516,
    0.01993023018089675,
    0.0195495207695381,
    0.019900286261906364,
    0.02017505240601841,
    0.019873409290556556,
    0.02026054781931129,
    0.019949252144552128,
    0.020117256223144336,
    0.020011437161344844,
    0.019952013653420617,
    0.01973498866546261,
    0.019904534019049066,
    0.019693015716189553,
    0.01955412281245959,
    0.019581559588173317,
    0.01953171199393519,
    0.019550673858180677,
    0.019536724169652357,
    0.01959982264142363
  ],
  "val_acc": [
    0.9969525468001741,
    0.9969525468001741,
    0.9969525468001741,
    0.9969525468001741,
    0.9969525468001741,
    0.9969525468001741,
    0.9969525468001741,
    0.9969525468001741,
    0.9969525468001741,
    0.9969525468001741,
    0.9969525468001741,
    0.9969525468001741,
    0.9969525468001741,
    0.9969525468001741,
    0.9969525468001741,
    0.9969525468001741,
    0.9969525468001741,
    0.9969525468001741,
    0.9969525468001741,
    0.9969525468001741
  ]
}