{
  "train_loss": [
    0.08195501741321895,
    0.005630125748556133,
    0.003057289101599853,
    0.003907697313780046,
    0.0024290069592171255,
    0.0015344384607066707,
    0.0016291039468268958,
    0.0009537112498312139,
    0.002581108079995841,
    0.0012585244053914587
  ],
  "val_loss": [
    0.012351370058604516,
    0.06648624637018656,
    0.008894578194667702,
    0.04305672785194474,
    0.006304237298809312,
    0.0030037405938855956,
    0.06913818585189802,
    0.0017493080470558197,
    0.001297824174798734,
    0.01897780382505516
  ],
  "val_eer": [
    0.2942472067400996,
    0.22916141793861508,
    0.1612502915092819,
    0.1358222528586663,
    0.07502598217945425,
    0.09762868320222676,
    0.7384433544780976,
    0.038193569656433994,
    0.02689221914505051,
    0.19661852353787282
  ],
  "val_auc": [
    99.99174460279863,
    99.9979312076596,
    99.99899890431013,
    99.99913210623144,
    99.99834226046364,
    99.99920495103216,
    99.96251406555054,
    99.9998896921589,
    99.99973775871742,
    99.99404129530127
  ]
}